{"cameraMode":{"drawMode":0,"name":"Shaded","section":"Shading Mode"},"sceneLighting":false,"audioPlay":false,"sceneViewState":{"m_AlwaysRefresh":false,"showFog":true,"showSkybox":false,"showFlares":true,"showImageEffects":true,"showParticleSystems":true,"showVisualEffectGraphs":true,"m_FxEnabled":true},"in2DMode":false,"pivot":{"x":8.678041458129883,"y":-1.2599737644195557,"z":1.9441742897033692},"rotation":{"x":-0.003695687046274543,"y":0.994963526725769,"z":-0.09160280972719193,"w":-0.04001602530479431},"size":1.2433040142059327,"orthographic":false}